displacement (mm),userSpeed (Gamma/kA),userSpeed (m/s),longSpeed (Gamma/kA),longSpeed (m/s),forceProjOnVelAve (1e-3\hbar*k*\Gamma),forceProjOnVelStd (1e-3\hbar*k*\Gamma),accelProjOnVelAve (mm/ms^2),accelProjOnVelStd (mm/ms^2),forceProjOnPosAve (1e-3\hbar*k*\Gamma),forceProjOnPosStd (1e-3\hbar*k*\Gamma),accelProjOnPosAve (mm/ms^2),accelProjOnPosStd (mm/ms^2),forceProjOnLongAve (1e-3\hbar*k*\Gamma),forceProjOnLongStd (1e-3\hbar*k*\Gamma),accelProjOnLongAve (mm/ms^2),accelProjOnLongStd (mm/ms^2),PF1Down,PF0,PF1Up,PF2,PExc
0.5,-5.0,-21.978450000000002,32.0,140.66208,-23.139406573573126,5.571624105588507,-5.391230085092172,1.2981278238647218,23.1512247224956,5.564875040378309,5.393983585265927,1.2965553650684352,0.0,0.0,0.0,0.0,0.2585126673441657,0.057718716343984275,0.23381715383332285,0.26074173949111246,0.1892097229874272
0.5,-4.0,-17.58276,32.0,140.66208,-24.081502663571346,3.806107364427471,-5.610728228542693,0.8867816235887018,24.100378539737218,3.810520444046355,5.615126102409699,0.8878098231466113,0.0,0.0,0.0,0.0,0.2557816493990025,0.05733107161944563,0.2266209171462706,0.2741296186259893,0.186136743209305
0.5,-3.0,-13.18707,32.0,140.66208,-24.64369551184912,3.4693285096454765,-5.741713048210468,0.8083158129746482,24.64611180848805,3.4757044601659985,5.742276019049538,0.8098013401059513,0.0,0.0,0.0,0.0,0.26521517907323056,0.058680927352995155,0.23002131546874413,0.25856662099546673,0.1875159571095768
0.5,-2.0,-8.79138,32.0,140.66208,-18.046108192317575,1.1150558065540828,-4.204546953091003,0.2597958764299807,18.05437710221493,1.1354235634084784,4.206473519170724,0.2645413422728545,0.0,0.0,0.0,0.0,0.26870199977465603,0.055900026949959145,0.24313518460334954,0.2596002958709399,0.17266249280110763
0.5,-1.0,-4.39569,32.0,140.66208,-4.992447752424167,0.8440569169791685,-1.1631860322580325,0.1966560823364089,4.960658065781039,0.8921348906147797,1.1557793809905874,0.20785772733410735,0.0,0.0,0.0,0.0,0.2338558423600665,0.05286749834311334,0.2280098869672657,0.332036101955242,0.15323067037432236
0.5,-0.75,-3.2967675,32.0,140.66208,-1.4746559783372328,0.8635928515413949,-0.343578805718053,0.20120774263147254,1.323339845342965,0.9420797351248879,0.30832379232932655,0.21949433294289875,0.0,0.0,0.0,0.0,0.2314136667281984,0.05097227932043305,0.21779648772560492,0.35365164400989396,0.14616592221587954
0.5,-0.5,-2.197845,32.0,140.66208,3.569450852057247,1.7401325744583374,0.8316432299023021,0.4054319654931419,-3.2751128943396717,1.587078702450892,-0.7630656867494077,0.3697720778126703,0.0,0.0,0.0,0.0,0.23675998491812006,0.048137720846135476,0.202272393434474,0.386075274840011,0.12675462596126905
0.5,-0.25,-1.0989225,32.0,140.66208,2.604396332433843,2.3467293819798174,0.6067960220274953,0.5467624247610815,-2.4936056894791654,2.22613205255789,-0.5809830070936498,0.5186645585304147,0.0,0.0,0.0,0.0,0.2412682197241542,0.0442847969529047,0.1965064029316574,0.41035365671718094,0.1075869236741119
0.5,-0.1,-0.43956900000000004,32.0,140.66208,1.2961488843662738,0.907235338066863,0.3019885941299257,0.21137596736948494,-1.4062513618660302,0.8673796102674652,-0.3276412739967374,0.20209001623274508,0.0,0.0,0.0,0.0,0.23097234964221142,0.03833758607031351,0.2158245724859498,0.4172769399239404,0.09758855187759401
0.5,-0.05,-0.21978450000000002,32.0,140.66208,0.0992834058457745,0.24545520567544693,0.023131953831411593,0.05718839353863407,-0.11060430245954198,0.29165298127468986,-0.02576959962497598,0.06795197284145955,0.0,0.0,0.0,0.0,0.22667504482921,0.035259287992280924,0.2200706073435024,0.4269480273978746,0.09104703243714399
0.5,0.05,0.21978450000000002,32.0,140.66208,0.8145371213503219,0.19081736386506878,0.18977829098968663,0.04445837059634167,0.8382042565071893,0.21676140388695472,0.1952924760955125,0.05050304977383487,0.0,0.0,0.0,0.0,0.2412632899612724,0.03677760687372402,0.21583634263050888,0.41737294509284406,0.08874981544166177
0.5,0.1,0.43956900000000004,32.0,140.66208,1.6525946491127412,0.475553434145233,0.3850365808833777,0.11079877839912905,1.547188432023138,0.4157937538287571,0.36047807861918263,0.09687542278612789,0.0,0.0,0.0,0.0,0.24785634600292022,0.03997606227085618,0.2091266687334377,0.407920364285791,0.09512055870700317
0.5,0.25,1.0989225,32.0,140.66208,2.5515097524370827,1.3690148685278294,0.594474024042387,0.3189655760046587,2.6111434992528553,1.4044890899208746,0.6083680385192811,0.3272306837986428,0.0,0.0,0.0,0.0,0.24398204194383022,0.04442433188202455,0.19918446035876833,0.40546914836706105,0.1069400174483246
0.5,0.5,2.197845,32.0,140.66208,3.4217476821746553,0.8447578686326189,0.7972299976267629,0.1968193964486469,3.4136185789358073,0.8212246596155708,0.7953360049780427,0.1913364146769203,0.0,0.0,0.0,0.0,0.23872680444584862,0.049025886922941596,0.20307968515813113,0.3817105746901872,0.12745704878289932
0.5,0.75,3.2967675,32.0,140.66208,-2.9145705292585165,2.4542913729921816,-0.6790632366694764,0.5718231989047257,-2.857981723384736,2.3732930673321415,-0.6658786603176096,0.5529514745617764,0.0,0.0,0.0,0.0,0.23042315571704214,0.05102775398496173,0.222534793808077,0.34945478551593345,0.1465595109739954
0.5,1.0,4.39569,32.0,140.66208,-4.135677924606727,0.9931438508600758,-0.9635679799522355,0.23139171657479293,-4.225007357039363,0.9710482984291127,-0.9843807662302145,0.2262436931527668,0.0,0.0,0.0,0.0,0.2384764242472242,0.05293437070746426,0.23026924401569915,0.32593783495625733,0.15238212607336513
0.5,2.0,8.79138,32.0,140.66208,-21.128174412293994,1.1028687440413472,-4.922634864142274,0.2569564234017169,-21.26732978068301,1.0420549232613847,-4.955056551629184,0.2427874645247517,0.0,0.0,0.0,0.0,0.2664854044620215,0.055219649646293084,0.24498642622925168,0.2591635947074929,0.1741449249549519
0.5,3.0,13.18707,32.0,140.66208,-23.517505162769215,4.879436306209145,-5.479322944462769,1.1368555943162908,-23.499125364792352,4.864533412962567,-5.475040651418835,1.133383382262347,0.0,0.0,0.0,0.0,0.2687346717849583,0.05984089110882213,0.22940209569763154,0.2565121239917741,0.18551021741682608
0.5,4.0,17.58276,32.0,140.66208,-23.807193061092892,3.409604188760973,-5.546817074347388,0.7944006957247542,-23.81316764440075,3.401991138516244,-5.548209087283103,0.7926269378114646,0.0,0.0,0.0,0.0,0.25342690918454214,0.05701791335279354,0.22831347745945446,0.27660773269897204,0.18463396730425155
0.5,5.0,21.978450000000002,32.0,140.66208,-26.185781196558164,2.168778510452257,-6.1010022421990575,0.5053018069532147,-26.182972626587535,2.170610928895106,-6.100347875939767,0.5057287405224121,0.0,0.0,0.0,0.0,0.25774098281982294,0.05786947912631652,0.2271120937265293,0.26892870642026173,0.1883487379070828
1.5,-5.0,-21.978450000000002,32.0,140.66208,-23.099606203522185,4.974817946587775,-5.381957031708794,1.1590784792264852,23.09263761500314,4.977295420854638,5.380333426368914,1.1596557037875423,0.0,0.0,0.0,0.0,0.2615595892071811,0.056381135199754545,0.2410370633048003,0.2573462495118366,0.18367596277643974
1.5,-4.0,-17.58276,32.0,140.66208,-23.10123027851928,0.8826741600538425,-5.382335423520915,0.20565348000110412,23.08075475042436,0.894553717158844,5.377564848151037,0.20842128761356032,0.0,0.0,0.0,0.0,0.25396938519078993,0.057024201172680374,0.23526071121600595,0.2701006015962664,0.1836451008242706
1.5,-3.0,-13.18707,32.0,140.66208,-23.386225602943625,4.443485266950293,-5.448736234719846,1.0352837432402242,23.377657776938335,4.434077222797758,5.446740024437759,1.0330917712674017,0.0,0.0,0.0,0.0,0.26783246832452295,0.05990129208718624,0.2331203013911412,0.2570073261644049,0.1821386120327571
1.5,-2.0,-8.79138,32.0,140.66208,-16.724692402840805,2.9134511373861334,-3.8966714448539346,0.6788024305368641,16.70049520808382,2.931720920812698,3.8910337616258053,0.6830590913870133,0.0,0.0,0.0,0.0,0.270001328164167,0.05940925207738547,0.24280452797285174,0.26071306188792365,0.16707182989768388
1.5,-1.0,-4.39569,32.0,140.66208,-4.666965493814869,1.2758406641499769,-1.087352205699047,0.29725699967625385,4.692145790841665,1.2399494252618057,1.093218941064571,0.28889473134106985,0.0,0.0,0.0,0.0,0.23398110498324415,0.05383693323234366,0.22629296732148504,0.3360466111264365,0.14984238333650146
1.5,-0.75,-3.2967675,32.0,140.66208,1.3243993408682746,2.0631172767721244,0.3085706432644578,0.48068388859679234,-1.3134276977999244,2.0102029262764933,-0.3060143697487603,0.46835542038745803,0.0,0.0,0.0,0.0,0.2309001255112308,0.05264595639678467,0.2124925599888662,0.3628543535661759,0.14110700453695138
1.5,-0.5,-2.197845,32.0,140.66208,5.585899024242642,2.2400570910362925,1.3014537246679996,0.521908941057777,-5.955473291750215,2.2349713125333763,-1.3875605097891988,0.5207240099756484,0.0,0.0,0.0,0.0,0.23980766581762053,0.04948827755254497,0.186057210869417,0.40261943799249844,0.12202740776792699
1.5,-0.25,-1.0989225,32.0,140.66208,2.4414693559922496,2.6351801356367557,0.5688358083862262,0.613968313392592,-2.5754431115785827,2.631402809233417,-0.6000502364413831,0.6130882374199371,0.0,0.0,0.0,0.0,0.24682269322970973,0.04626258935276725,0.1702135298883109,0.43279258837076023,0.10390859915846071
1.5,-0.1,-0.43956900000000004,32.0,140.66208,0.35138342361649216,1.0433515270366507,0.08186851632433169,0.2430895591035142,-0.4862136454013024,0.9807914592119433,-0.11328249168946021,0.22851374365597535,0.0,0.0,0.0,0.0,0.24674174733496024,0.04213338298633427,0.18045877853389947,0.43445582243368835,0.09621026871112665
1.5,-0.05,-0.21978450000000002,32.0,140.66208,-0.21683507561560125,0.24026959399562972,-0.05052021448541194,0.05598020241199712,0.2040183859364035,0.11335671750401691,0.04753406517470767,0.02641088239717035,0.0,0.0,0.0,0.0,0.2501829749201164,0.04001190764700901,0.1858731037243834,0.43141222593990974,0.09251978776859232
1.5,0.05,0.21978450000000002,32.0,140.66208,1.6154374253220916,0.5646164812946799,0.3763793518338032,0.13154949980312813,1.812674259693403,0.4949174238874039,0.4223333892448307,0.11531037742106055,0.0,0.0,0.0,0.0,0.24364394090471111,0.04100797198471606,0.1987738025439268,0.4226055999550916,0.09396868461156563
1.5,0.1,0.43956900000000004,32.0,140.66208,1.7371003858277587,1.1409376473037542,0.4047254985179897,0.26582606385347984,1.560201137111693,1.1022347165292194,0.363509897388553,0.25680870188659116,0.0,0.0,0.0,0.0,0.2589113931725628,0.04371588867370331,0.18567825258509257,0.41686676439413894,0.09482770117451068
1.5,0.25,1.0989225,32.0,140.66208,3.9493317582395933,1.2037899329070483,0.9201513497475765,0.28046996286549153,3.809967970040439,1.195719666741363,0.887681102711519,0.278589678614951,0.0,0.0,0.0,0.0,0.2390224390888267,0.04615821080232661,0.19502958099946713,0.4099593226634247,0.1098304464459648
1.5,0.5,2.197845,32.0,140.66208,2.4139077982717057,1.2853031478486594,0.5624142651758354,0.2994616554712859,2.718173525662071,1.1506149104840557,0.6333048706956332,0.2680807609319512,0.0,0.0,0.0,0.0,0.24011986222490345,0.05147745338344073,0.20170804466921669,0.378638418661997,0.12805622106045086
1.5,0.75,3.2967675,32.0,140.66208,-0.8200084145761957,2.005909005992592,-0.1910530428097,0.4673549836587135,-0.9637290636271704,1.9519836577520397,-0.22453839104233364,0.4547909639696534,0.0,0.0,0.0,0.0,0.24695511380987667,0.0534497137354675,0.21515729685029636,0.342387561099427,0.14205031450494165
1.5,1.0,4.39569,32.0,140.66208,-9.703841698908981,0.5962163798620752,-2.2608895842591865,0.13891193251291803,-9.755315365666904,0.598870273382327,-2.272882388825413,0.13953026084141343,0.0,0.0,0.0,0.0,0.2366843244416934,0.0545126243010703,0.2382885922398415,0.31848255757518207,0.15203190144222295
1.5,2.0,8.79138,32.0,140.66208,-21.42842392487366,2.866953128879658,-4.99258973528847,0.6679689002317577,-21.55708622507958,2.842029385061086,-5.022566652003332,0.6621619389736727,0.0,0.0,0.0,0.0,0.2740981018421078,0.05935160545050663,0.23206284745811703,0.2632896721241322,0.17119777312514894
1.5,3.0,13.18707,32.0,140.66208,-32.73138529317045,2.97697996549413,-7.626056811708248,0.6936039565949108,-32.696717162564894,2.9425613373872412,-7.617979514301321,0.6855847905567731,0.0,0.0,0.0,0.0,0.2626864642625532,0.06295467243634238,0.2242466818760978,0.26250127483621183,0.1876109065888074
1.5,4.0,17.58276,32.0,140.66208,-25.35945772276409,1.7615033767165584,-5.908477859269364,0.41041113000674967,-25.3675305973111,1.744604632186778,-5.910358751244385,0.4064739063091771,0.0,0.0,0.0,0.0,0.2560826968304613,0.0561904490271908,0.2288493117015294,0.27987423696048186,0.17900330548034993
1.5,5.0,21.978450000000002,32.0,140.66208,-21.40134064036217,3.3817733748777945,-4.986279624534455,0.7879164187566945,-21.396327235832842,3.383372255441732,-4.985111555801088,0.7882889405398854,0.0,0.0,0.0,0.0,0.26769097384248,0.05738270901439816,0.2305927870134108,0.26361619008195913,0.18071734004776496
3.0,-5.0,-21.978450000000002,32.0,140.66208,-15.461756012610838,3.304589505961606,-3.6024210006639947,0.7699334166921558,15.430077365312481,3.286930087265824,3.595040220356302,0.7658189641864173,0.0,0.0,0.0,0.0,0.279753376010738,0.05411335326730809,0.2570195599474223,0.25001989455867263,0.15909381621586938
3.0,-4.0,-17.58276,32.0,140.66208,-19.383540785752622,2.254973089406589,-4.516154202463797,0.5253842064630259,19.381874675644934,2.237668409753047,4.515766016928049,0.5213524042962578,0.0,0.0,0.0,0.0,0.2727748355978571,0.0502937243142374,0.25545132483525906,0.257619373807206,0.16386074144545176
3.0,-3.0,-13.18707,32.0,140.66208,-27.607226647442893,4.8631284328671684,-6.43218357369782,1.1330560371796117,27.602641616647812,4.854349216079344,6.431115311385867,1.1310105751441193,0.0,0.0,0.0,0.0,0.27320846333075366,0.061878149589133624,0.24440553163172712,0.2509939370265422,0.16951391842185487
3.0,-2.0,-8.79138,32.0,140.66208,-20.923545806798423,2.7222787302696703,-4.874958624446563,0.6342613387241274,20.986963770228684,2.8035011018678864,4.889734320240377,0.6531852679939012,0.0,0.0,0.0,0.0,0.26848096372544367,0.06225643048428448,0.24792520430420853,0.2634386752180786,0.15789872626799553
3.0,-1.0,-4.39569,32.0,140.66208,-4.0294354264052235,1.0192492577462295,-0.9388146332837238,0.23747399247675752,3.991140210803989,1.0099183619408094,0.9298922645182147,0.23529999522980594,0.0,0.0,0.0,0.0,0.23844493578574327,0.05672827559832911,0.23192906951463693,0.33371651292346904,0.13918120617783092
3.0,-0.75,-3.2967675,32.0,140.66208,1.8095569794910762,0.9256066171082792,0.4216070968588522,0.2156562755941056,-1.8390939758965528,0.9133594277340475,-0.4284888957994668,0.21280281366100717,0.0,0.0,0.0,0.0,0.2381484912984364,0.05589271872022218,0.2155503015826662,0.3595975961218105,0.13081089227687337
3.0,-0.5,-2.197845,32.0,140.66208,9.246649085465792,2.7074298127195293,2.154368677405341,0.6308017024204547,-9.121684084360494,2.6473918085650676,-2.1252531911719177,0.6168135003800409,0.0,0.0,0.0,0.0,0.24133539098392526,0.05355027026690143,0.18345285820416096,0.40583961401278357,0.11582186653223693
3.0,-0.25,-1.0989225,32.0,140.66208,6.546677399555918,0.9714952727582252,1.525304637422633,0.22634783331049788,-6.504657157092829,1.0513100164285207,-1.515514377908865,0.2449438005813548,0.0,0.0,0.0,0.0,0.22764868397617677,0.05040349157004595,0.1641989366948315,0.455197582215939,0.10255130554301631
3.0,-0.1,-0.43956900000000004,32.0,140.66208,3.9404721607502418,0.4835751238976816,0.9180871598827877,0.1126677448736655,-3.8874332020990847,0.4358328888232158,-0.9057296593283591,0.10154432330947724,0.0,0.0,0.0,0.0,0.24972979360413328,0.050494056907778195,0.14759657698408363,0.4574993366721909,0.09468023583182272
3.0,-0.05,-0.21978450000000002,32.0,140.66208,2.1590494105827323,0.3298967482464821,0.5030350324898907,0.07686235463582476,-2.0637362935378736,0.24963117605778512,-0.48082811277125737,0.05816134922304768,0.0,0.0,0.0,0.0,0.24939593081526745,0.050863040226645256,0.15803615566469062,0.44505870662406055,0.09664616666934864
3.0,0.05,0.21978450000000002,32.0,140.66208,2.718289295776304,1.7314639770092504,0.633331843873222,0.40341227656056383,2.74320403096708,1.7595650546309696,0.6391367062190014,0.4099595220405212,0.0,0.0,0.0,0.0,0.2714532273111272,0.05288664538335844,0.1493810305571571,0.43188972991487806,0.09438936683349095
3.0,0.1,0.43956900000000004,32.0,140.66208,2.4919054450279035,1.1717236434435734,0.5805868686270687,0.272998866149027,2.518039144448018,1.1418811181112718,0.5866757363817581,0.266045882291162,0.0,0.0,0.0,0.0,0.2602029112699114,0.054710774191241755,0.15974975761204005,0.42396308084792356,0.10137347607889202
3.0,0.25,1.0989225,32.0,140.66208,5.225545907938345,1.510901549202184,1.217495367494951,0.3520236295503822,5.426090872659079,1.5435768752469126,1.2642201633006893,0.3596366251668611,0.0,0.0,0.0,0.0,0.2641944297864065,0.056615087455814644,0.16745196301130777,0.40387742814464966,0.10786109160183137
3.0,0.5,2.197845,32.0,140.66208,1.1411855898127203,1.412332762906969,0.26588383176163516,0.3290581743025934,1.5549482971088078,1.2364765722574453,0.3622860427937652,0.28808559435915637,0.0,0.0,0.0,0.0,0.25975617072676666,0.05948536589357668,0.19455822793249053,0.36174814384574033,0.1244520916014344
3.0,0.75,3.2967675,32.0,140.66208,-9.395510808782184,3.560766494646806,-2.1890518400314116,0.8296198690701218,-9.15121813886351,3.4250087647262926,-2.1321343046812524,0.7979897943962461,0.0,0.0,0.0,0.0,0.25955202150749257,0.06128578135225747,0.22170226022455103,0.32207740622813996,0.13538253068756892
3.0,1.0,4.39569,32.0,140.66208,-18.11344915647787,3.341996710631905,-4.220236665391349,0.778648888568087,-18.050252032148403,3.334695089716912,-4.2055124227063425,0.7769476903017579,0.0,0.0,0.0,0.0,0.258926562194674,0.06071787509577101,0.23558938638995525,0.3019420505547468,0.1428241257648629
3.0,2.0,8.79138,32.0,140.66208,-30.080438435150256,7.892968894094338,-7.0084150234671725,1.8389759144098563,-30.138873536433948,7.882489205134361,-7.022029766570647,1.8365342608512918,0.0,0.0,0.0,0.0,0.2782913234513157,0.06801395676282962,0.21271656610206519,0.2799343412508464,0.1610438124329533
3.0,3.0,13.18707,32.0,140.66208,-38.19979010464089,3.2854928296564765,-8.900135662577837,0.7654840987939577,-38.20942477620323,3.27512747141669,-8.902380436272516,0.7630690830498238,0.0,0.0,0.0,0.0,0.2793770812974684,0.06777289992434185,0.21110499055819595,0.2679791467282862,0.17376588149172006
3.0,4.0,17.58276,32.0,140.66208,-21.91082749893667,3.460036181278913,-5.104984521791541,0.8061508015215201,-21.93366676885302,3.452053940937108,-5.110305823299557,0.8042910263306419,0.0,0.0,0.0,0.0,0.2860361303539063,0.0536165995835448,0.22685020542250917,0.28045675494613415,0.15304030969391627
3.0,5.0,21.978450000000002,32.0,140.66208,-15.647590942778788,1.8807149489644182,-3.6457185183940592,0.43818612988629746,-15.607069423087804,1.8641197903606352,-3.636277444987225,0.43431963840791316,0.0,0.0,0.0,0.0,0.31700407854128854,0.061755820883662965,0.2177455485268201,0.25153736885352157,0.15195718319471724
4.5,-5.0,-21.978450000000002,32.0,140.66208,-16.163007381364586,2.5014758006741706,-3.765804943308185,0.5828166574127549,16.162890680367855,2.489459094231688,3.765777753245098,0.5800168954961972,0.0,0.0,0.0,0.0,0.3248580820110813,0.06381531469303683,0.2439576400616571,0.25079354226944817,0.11657542096478438
4.5,-4.0,-17.58276,32.0,140.66208,-25.47099819982725,4.129743677862166,-5.93446557739586,0.9621853649970977,25.424277560158558,4.10742495204953,5.923580176451124,0.9569853446042055,0.0,0.0,0.0,0.0,0.3142975177856651,0.05079034096475705,0.24426462155834136,0.25836527123199354,0.13228224845925146
4.5,-3.0,-13.18707,32.0,140.66208,-34.94754715364246,4.511796043269397,-8.142398423910864,1.051199411226635,34.95006508111862,4.490015644821384,8.14298507362975,1.0461248152552616,0.0,0.0,0.0,0.0,0.2857837172894381,0.05971796159916927,0.2527620746199922,0.2520652376799656,0.14967100881144552
4.5,-2.0,-8.79138,32.0,140.66208,-21.265371833694253,3.8987513401453984,-4.954600371273943,0.9083666624057068,21.235662673189342,3.8882168035799958,4.947678459970486,0.905912229951559,0.0,0.0,0.0,0.0,0.27759488711600244,0.07632924478444886,0.264223429019169,0.24641698542322168,0.13543545365716747
4.5,-1.0,-4.39569,32.0,140.66208,-5.408687779439955,1.0938347187648834,-1.2601654318434117,0.2548515937594746,5.339170773223392,1.0637430020745937,1.2439687254089302,0.24784055102521363,0.0,0.0,0.0,0.0,0.254125480671329,0.06788511223373324,0.245614055861402,0.3153244117997609,0.11705093943378339
4.5,-0.75,-3.2967675,32.0,140.66208,1.894583672028551,1.1541327958726482,0.4414173915345783,0.2689003899696529,-1.6802870811609862,1.105495986134512,-0.3914886163888334,0.25756854223754166,0.0,0.0,0.0,0.0,0.2513810703361635,0.07071042770054604,0.22402787702537952,0.3430412027275127,0.1108394222104058
4.5,-0.5,-2.197845,32.0,140.66208,5.9913344639078625,0.8256116825954006,1.3959157729031537,0.19235854332130226,-6.226853895303551,0.8884334370519329,-1.4507892390885124,0.20699532890815195,0.0,0.0,0.0,0.0,0.24987160645097084,0.06567002813154486,0.20799005639147425,0.3706516446895797,0.10581666433643758
4.5,-0.25,-1.0989225,32.0,140.66208,8.395374914598882,0.7002214560453552,1.9560310534024412,0.16314398418368042,-8.407276682285255,0.6251533312909627,-1.9588040358388117,0.14565392749961917,0.0,0.0,0.0,0.0,0.26358355229120023,0.06735715595307896,0.19108511415120677,0.3759065262836526,0.10206765132087052
4.5,-0.1,-0.43956900000000004,32.0,140.66208,7.989013803834181,0.34746589737792344,1.8613533338680015,0.08095577531477484,-7.996449896799304,0.4554427580293162,-1.8630858626595954,0.10611320957250668,0.0,0.0,0.0,0.0,0.280898235016504,0.07573379486548877,0.17070374037952726,0.376068275255152,0.09659595448333663
4.5,-0.05,-0.21978450000000002,32.0,140.66208,6.502649389781345,0.44422792472773015,1.5150465899602361,0.1035002753772168,-6.564267179217902,0.4405392193645569,-1.5294028647908375,0.10264084714314566,0.0,0.0,0.0,0.0,0.27833378195558345,0.07658325899395715,0.17566713109648996,0.37013400283137055,0.09928182512261047
4.5,0.05,0.21978450000000002,32.0,140.66208,2.517253188796673,1.6211323272536755,0.5864926172624494,0.3777062020504492,2.6143090848261368,1.7798306503634647,0.6091055855313596,0.41468118545301863,0.0,0.0,0.0,0.0,0.2842721209418458,0.0827659298069207,0.1658574793271955,0.369183440323367,0.0979210296006828
4.5,0.1,0.43956900000000004,32.0,140.66208,2.7002810904376324,1.2353017175649814,0.629136127872828,0.2878118659926365,2.6635481510984094,1.1557512825965712,0.6205777524862415,0.26927747977489885,0.0,0.0,0.0,0.0,0.27486159153660417,0.07939815860111255,0.18604307864120542,0.352280364949437,0.1074168062716503
4.5,0.25,1.0989225,32.0,140.66208,0.8908788035641932,0.051143451440574084,0.20756507271156613,0.011915867988454497,0.7479587930872065,0.14137794501612885,0.17426626455953675,0.03293952366997818,0.0,0.0,0.0,0.0,0.2739332794402017,0.08166420735460625,0.19162592195956546,0.3374379904784318,0.11533860076720509
4.5,0.5,2.197845,32.0,140.66208,-6.220902962908662,1.9329680551842228,-1.4494027365583086,0.450360535370553,-5.806921862446616,1.8179721388447299,-1.352949642293588,0.423567737471394,0.0,0.0,0.0,0.0,0.2799254656649135,0.07716780108214435,0.2040303547793117,0.32348209841545417,0.11539428005818378
4.5,0.75,3.2967675,32.0,140.66208,-14.959407004916487,4.043866556510861,-3.4853791450361573,0.9421769296563649,-14.883685999245982,4.0101164166435765,-3.467736974198877,0.9343135141080864,0.0,0.0,0.0,0.0,0.28384404807809,0.07753759491285915,0.2211091083619497,0.29598102527437303,0.1215282233727376
4.5,1.0,4.39569,32.0,140.66208,-22.200827339672184,5.067253179277093,-5.1725513308656685,1.1806148831879542,-22.12424001694435,5.049866466449961,-5.1547073175754345,1.1765639681838702,0.0,0.0,0.0,0.0,0.27828916357759714,0.08139224724323892,0.22177979400828018,0.2941389628202938,0.12439983235059944
4.5,2.0,8.79138,32.0,140.66208,-45.86234722027129,5.743132872239846,-10.68542813838849,1.3380875012958517,-45.854908424335335,5.738836966727834,-10.683694979834089,1.3370866020305472,0.0,0.0,0.0,0.0,0.29270238965854717,0.08399554500518498,0.1932775900709368,0.2800301417738296,0.14999433349151176
4.5,3.0,13.18707,32.0,140.66208,-37.452626290784714,2.099987144292269,-8.726054619533542,0.48927416676040697,-37.450117530184336,2.1000175148246685,-8.725470105597022,0.4892812427641693,0.0,0.0,0.0,0.0,0.32364548051148834,0.06271092819903619,0.19453657015943626,0.27905910963465885,0.14004791149538964
4.5,4.0,17.58276,32.0,140.66208,-21.583528213244055,2.234631979890686,-5.028727347682744,0.5206449491602247,-21.575649985883057,2.2370533705271933,-5.026891806385228,0.5212091068453318,0.0,0.0,0.0,0.0,0.34184758201506504,0.048530637989924866,0.20847913389960937,0.2870579999377514,0.11408464615765732
4.5,5.0,21.978450000000002,32.0,140.66208,-14.380636752998711,1.3282736371697237,-3.3505319706034697,0.3094733121688017,-14.366959506451554,1.328447556392691,-3.3473453209012916,0.30951383345634015,0.0,0.0,0.0,0.0,0.4112791770019777,0.06443918954876628,0.18070966608907843,0.24211243478379005,0.10145953257639419
6.0,-5.0,-21.978450000000002,32.0,140.66208,-9.547887282026869,1.0279545307781466,-2.2245539011670328,0.23950222642127933,9.544970557878004,1.0306115785592955,2.2238743361604163,0.24012128965826043,0.0,0.0,0.0,0.0,0.40457090782221894,0.06693624954706903,0.24599677387647165,0.2207018370224525,0.06179423173179158
6.0,-4.0,-17.58276,32.0,140.66208,-17.58693215765571,2.479065835581161,-4.097563930663384,0.5775953792597844,17.584439812318884,2.4834033553333965,4.096983241304752,0.5786059741904962,0.0,0.0,0.0,0.0,0.399215549074039,0.04601136589193043,0.21945493281226358,0.2590388400301208,0.07627931219165149
6.0,-3.0,-13.18707,32.0,140.66208,-29.59302197887338,2.2591219752582967,-6.894852289924558,0.5263508517463533,29.602656012070675,2.257315490471873,6.897096914887125,0.5259299604370683,0.0,0.0,0.0,0.0,0.3250579640094434,0.05839994162943038,0.25467629182123935,0.2600530112066588,0.10181279133323538
6.0,-2.0,-8.79138,32.0,140.66208,-25.361485583891728,2.418818943444577,-5.908950328858631,0.5635585085912425,25.352307155248475,2.424998116265756,5.906811854802347,0.564998188658603,0.0,0.0,0.0,0.0,0.2544906891782654,0.0907435234869524,0.29931899718175625,0.25050939499285746,0.10493739516017549
6.0,-1.0,-4.39569,32.0,140.66208,-11.018787698527087,2.1714633453619774,-2.5672577018196896,0.5059273442889612,11.0488412090728,2.1717359670186673,2.574259842937765,0.5059908621701447,0.0,0.0,0.0,0.0,0.27151193895708087,0.11165867093880327,0.24265488574390048,0.2804330446331883,0.09374145972703356
6.0,-0.75,-3.2967675,32.0,140.66208,-9.099771629027408,1.4602369025387825,-2.1201478273824725,0.34021931786789306,9.128752908686579,1.458029781347333,2.1269001503647496,0.3397050826332533,0.0,0.0,0.0,0.0,0.2773424714017141,0.09457475296205378,0.2435437012321398,0.29714709216939766,0.087391982234701
6.0,-0.5,-2.197845,32.0,140.66208,-3.8211756908905032,1.5621742280340416,-0.8902923797829538,0.3639696061156271,3.7370659564076822,1.5520862221265899,0.8706957263618252,0.3616192104486546,0.0,0.0,0.0,0.0,0.2778844759093603,0.09716977703548846,0.256148872978385,0.2793085399789726,0.08948833409779935
6.0,-0.25,-1.0989225,32.0,140.66208,2.061101542053757,1.4747254182243887,0.4802142443290072,0.34359498445658504,-2.1986646324028443,1.4619376379628832,-0.5122649483490167,0.3406155707258062,0.0,0.0,0.0,0.0,0.2847557292954164,0.10728804207587617,0.2361890385938523,0.28259522236426604,0.08917196767059636
6.0,-0.1,-0.43956900000000004,32.0,140.66208,7.632247275096352,2.077002509155374,1.7782306125929468,0.48391899673688465,-7.761410908263873,2.0200303537410007,-1.8083243344357458,0.470645104111077,0.0,0.0,0.0,0.0,0.30398713256948307,0.11952324614530302,0.22306868880312866,0.27269796344947883,0.08072296903261272
6.0,-0.05,-0.21978450000000002,32.0,140.66208,8.101442557028692,1.2516216326740905,1.8875480106728895,0.2916142287301003,-8.218874552545735,1.2084761333841163,-1.9149083885274771,0.28156179661310354,0.0,0.0,0.0,0.0,0.30441359945621693,0.12008597633774093,0.21903013050321407,0.2780119352707145,0.07845835843212359
6.0,0.05,0.21978450000000002,32.0,140.66208,0.010665057651884552,0.2422399855753615,0.0024848424478503732,0.056439282221597525,-0.022794878906941325,0.11915862646080258,-0.005310958885587285,0.02776266408696148,0.0,0.0,0.0,0.0,0.2772394811241468,0.11870504780517634,0.22792831325719531,0.28640846064925257,0.08971869716423946
6.0,0.1,0.43956900000000004,32.0,140.66208,-0.3798017427830449,0.24202842975772526,-0.08848967563415804,0.05638999201680812,-0.660127447686879,0.2909940151843551,-0.153802516268033,0.06779844090882452,0.0,0.0,0.0,0.0,0.28704882968429174,0.12149332792394368,0.2230980369320944,0.2774075450607902,0.09095226039888879
6.0,0.25,1.0989225,32.0,140.66208,-6.611026467493276,0.09586015839625354,-1.5402972704406177,0.022334374404303466,-6.629348878718561,0.11698156920558826,-1.544566192995529,0.02725543342251202,0.0,0.0,0.0,0.0,0.288786341206551,0.12583598819089137,0.1977534691098828,0.2900234319126293,0.09760076958005483
6.0,0.5,2.197845,32.0,140.66208,-11.368141659210535,1.7650794013478752,-2.648653375351514,0.41124430485572805,-11.299803205774696,1.7361567810026903,-2.6327312588978993,0.4045056488556757,0.0,0.0,0.0,0.0,0.30910171713701656,0.10760945770878641,0.20469182123342738,0.289698109524765,0.08889889439601092
6.0,0.75,3.2967675,32.0,140.66208,-22.857811336675372,1.2438201770403212,-5.325621457310175,0.2897965744101177,-22.920463951072527,1.2449291873727966,-5.340218835102629,0.29005496175683326,0.0,0.0,0.0,0.0,0.3075744044125768,0.12646952009687334,0.18431738551817275,0.28244150568972604,0.0991971842826579
6.0,1.0,4.39569,32.0,140.66208,-29.905350782257784,0.2727446244075667,-6.967621504463097,0.06354653132429827,-29.9158732635416,0.2731681857124736,-6.97007312816774,0.06364521650201165,0.0,0.0,0.0,0.0,0.3225028686163416,0.12877412252822634,0.17158096660717082,0.2688777946488803,0.1082642475993882
6.0,2.0,8.79138,32.0,140.66208,-28.033921981499383,5.974272097039145,-6.531598946119732,1.3919404269800406,-28.025991824759398,5.967602239006105,-6.529751305841656,1.390386422594635,0.0,0.0,0.0,0.0,0.26971970301385023,0.08164846060588157,0.20596513567187813,0.3541794961733032,0.08848720453509323
6.0,3.0,13.18707,32.0,140.66208,-22.917961587276583,2.717728818153931,-5.339635811551975,0.6332012586825365,-22.917029544478606,2.720382489402573,-5.3394186557162335,0.6338195352241641,0.0,0.0,0.0,0.0,0.3985026185060767,0.04266559161194501,0.1925449185121082,0.28614110099368467,0.08014577037619074
6.0,4.0,17.58276,32.0,140.66208,-14.43380351156755,0.21696677046786475,-3.362919247148864,0.05055089795377649,-14.426605616259309,0.21638137908639427,-3.3612422158208672,0.050414508128164386,0.0,0.0,0.0,0.0,0.4373137217066866,0.039179683511471504,0.19568746817306304,0.266201817818647,0.061617308790136556
6.0,5.0,21.978450000000002,32.0,140.66208,-6.740741320310937,0.8714304397812563,-1.5705194204672546,0.2030338154557239,-6.734103693994978,0.8703231347572451,-1.5689729257214013,0.20277582542733483,0.0,0.0,0.0,0.0,0.4763052610313243,0.05187758141542209,0.2043892278697174,0.2230551366506731,0.044372793032866724
7.5,-5.0,-21.978450000000002,32.0,140.66208,-4.4477763374414465,0.8804874240766586,-1.0362835159982509,0.20514399429969415,4.444511644944697,0.8800311872412262,1.0355228781508157,0.20503769607872252,0.0,0.0,0.0,0.0,0.4769685341416702,0.06259677127524535,0.24037158617122778,0.19615694765822608,0.023906160753631833
7.5,-4.0,-17.58276,32.0,140.66208,-10.62045823495417,0.46087015421070265,-2.4744512687348617,0.1073777338585453,10.613776001929374,0.46094042653775746,2.4728943811109576,0.10739410654652079,0.0,0.0,0.0,0.0,0.4554330080210225,0.05052309188193903,0.25142579180188596,0.20666653505233468,0.03595157324281985
7.5,-3.0,-13.18707,32.0,140.66208,-11.310897622065076,2.191058233112579,-2.635316137239142,0.5104927400357864,11.316123846478465,2.1925175781034016,2.6365337906910282,0.5108327515479242,0.0,0.0,0.0,0.0,0.3827565460668876,0.03541231095667863,0.2810954885998031,0.25758781460418223,0.04314783977245153
7.5,-2.0,-8.79138,32.0,140.66208,-16.247983251958924,3.2599029935745407,-3.785603397023861,0.7595219452824208,16.25232937448805,3.2596229544984348,3.786615996308031,0.7594566992231797,0.0,0.0,0.0,0.0,0.2643747338751222,0.09355077303538722,0.2977595589197478,0.28762770411759475,0.05668723005215216
7.5,-1.0,-4.39569,32.0,140.66208,-11.065639557651942,1.2963757360661132,-2.5781736754706683,0.3020414481089221,11.0714295792532,1.2958473862491113,2.5795226875358996,0.3019183483474906,0.0,0.0,0.0,0.0,0.26150194262850035,0.14627572125404475,0.21332025192798543,0.32281460949387764,0.0560874746955963
7.5,-0.75,-3.2967675,32.0,140.66208,-5.579541289618458,1.8004290185630838,-1.299972441642441,0.41948038123137626,5.569647985017578,1.8077768605003053,1.2976674092624767,0.42119234849322007,0.0,0.0,0.0,0.0,0.30383436700886823,0.1351564946400638,0.24700858982775425,0.2689827272147442,0.04501782130857267
7.5,-0.5,-2.197845,32.0,140.66208,-3.2015141178682778,0.9164975650667748,-0.745917972235773,0.2135339655315427,3.2061137790475356,0.9143450502667798,0.7469896432681308,0.2130324529922543,0.0,0.0,0.0,0.0,0.2882140984034863,0.14732047277392282,0.22057610734552113,0.2956513693288556,0.048237952148217196
7.5,-0.25,-1.0989225,32.0,140.66208,2.256815037863123,0.5201407819341162,0.5258133604217707,0.12118714553592619,-2.2802713085161264,0.5206404553537078,-0.531278416391398,0.12130356400862377,0.0,0.0,0.0,0.0,0.31626593325552077,0.1586005995631138,0.18811754189212468,0.28398406654175823,0.053031858747486726
7.5,-0.1,-0.43956900000000004,32.0,140.66208,4.105378350238213,0.7231591215688276,0.95650850863945,0.16848821079808102,-4.185450515574816,0.7120226373513326,-0.9751644523590348,0.16589353108731944,0.0,0.0,0.0,0.0,0.31572045076712857,0.15148374705108425,0.18748165958204233,0.29875054137669355,0.046563601223055084
7.5,-0.05,-0.21978450000000002,32.0,140.66208,5.565683085884119,0.8035812878474363,1.2967436308836018,0.18722570093080956,-5.66383499802636,0.8124558078312818,-1.3196119589873532,0.18929336757452986,0.0,0.0,0.0,0.0,0.3154399596673433,0.15605013846057295,0.17453977068343712,0.3077522338450678,0.04621789734358362
7.5,0.05,0.21978450000000002,32.0,140.66208,-3.487312543984621,0.30250077670812947,-0.8125058973950178,0.07047939120509542,-3.5696130443907723,0.2957038346988169,-0.8316810189521333,0.06889577763528663,0.0,0.0,0.0,0.0,0.3207616831615128,0.16629449924736256,0.15084201323445529,0.31166987659460205,0.05043192776207365
7.5,0.1,0.43956900000000004,32.0,140.66208,-3.9569405379001226,0.30857241256631035,-0.9219241126611912,0.07189401632956742,-3.985519880287291,0.2980828204110594,-0.9285827886302552,0.06945005543420366,0.0,0.0,0.0,0.0,0.3290678008585285,0.15783956422025347,0.16725525769485486,0.29925797329258486,0.04657940393378234
7.5,0.25,1.0989225,32.0,140.66208,-7.429212611582633,0.14821406807402987,-1.7309257440445094,0.03453226599800484,-7.454128581021113,0.14588197766018915,-1.736730893956581,0.03398891429361791,0.0,0.0,0.0,0.0,0.35349809400975574,0.15968800457864202,0.1620151085088437,0.27585625546820625,0.04894253743455615
7.5,0.5,2.197845,32.0,140.66208,-11.357337201686247,0.5047659725842046,-2.6461360542494003,0.1176049821621055,-11.406037551462417,0.5038772034670225,-2.65748270611936,0.11739790862337761,0.0,0.0,0.0,0.0,0.3255527065936372,0.15308006522345188,0.14552841867802824,0.3268966332532144,0.048942176251671875
7.5,0.75,3.2967675,32.0,140.66208,-11.953471223161582,1.0760786153420854,-2.785028798153875,0.2507146147638108,-11.963522598642463,1.080923483493425,-2.787370659329821,0.25184341635397933,0.0,0.0,0.0,0.0,0.3434641784126095,0.1626514499818648,0.1666780127478577,0.2807548316905431,0.046451527167127665
7.5,1.0,4.39569,32.0,140.66208,-14.892289934957374,2.008394586472523,-3.469741597649784,0.46793409687925847,-14.903238932104117,2.0098500886925925,-3.4722925949120267,0.4682732130676018,0.0,0.0,0.0,0.0,0.33541800145075973,0.1568050604628298,0.15000198831509645,0.30911303430374376,0.04866191546757368
7.5,2.0,8.79138,32.0,140.66208,-17.19553956428593,0.9112028028860296,-4.0063737128957735,0.21230034352522717,-17.177373701947847,0.9156158851164296,-4.002141264529074,0.21332854369159143,0.0,0.0,0.0,0.0,0.3141351266414279,0.08011131505219345,0.2042219857146937,0.3555781072691193,0.045953465322568145
7.5,3.0,13.18707,32.0,140.66208,-10.447486778046784,0.9248762982567942,-2.434150800381177,0.21548611924410083,-10.447525204226064,0.9247591895882392,-2.4341597532630557,0.21545883419791215,0.0,0.0,0.0,0.0,0.42089710171753436,0.02394653270917102,0.19459115485421558,0.32776404686997607,0.03280116384910508
7.5,4.0,17.58276,32.0,140.66208,-6.046967838803067,0.11718005547947019,-1.4088777442275515,0.02730167856574107,-6.046339656019336,0.11789851099127374,-1.4087313844705796,0.027469070886616716,0.0,0.0,0.0,0.0,0.5018179395532838,0.029594077180419565,0.16447170614766957,0.28119961940100696,0.022916657717621657
7.5,5.0,21.978450000000002,32.0,140.66208,-2.9620155855786567,0.06679152168328253,-0.6901174188157965,0.015561698178519667,-2.960850663758187,0.06718815860509667,-0.6898460047004289,0.01565411026778149,0.0,0.0,0.0,0.0,0.5456417767899284,0.04987525187319037,0.16717599917304626,0.21972048829554292,0.017586483868292854
9.0,-5.0,-21.978450000000002,32.0,140.66208,-1.5353561737575678,0.07022119123804502,-0.35772129112192785,0.016360773886307144,1.5350392588738777,0.07029210540738005,0.3576474534005528,0.01637729611655375,0.0,0.0,0.0,0.0,0.4935540662404184,0.037092377568386806,0.22565443713994235,0.2357102023653368,0.007988916685916485
9.0,-4.0,-17.58276,32.0,140.66208,-3.436874193687202,0.04623445942440195,-0.8007543103047757,0.010772126235142206,3.4357512991301746,0.046239543036123563,0.8004926880847337,0.010773310661387854,0.0,0.0,0.0,0.0,0.5063921713848633,0.026323538434431873,0.23438750275578024,0.2209463874713765,0.011950399953549021
9.0,-3.0,-13.18707,32.0,140.66208,-3.629869797013935,0.5386224561646171,-0.845720187006813,0.12549317463902965,3.6313452777611737,0.5386506513104726,0.8460639579747155,0.12549974380138507,0.0,0.0,0.0,0.0,0.4565669890039621,0.02895103805880636,0.25383617528675056,0.246197471649311,0.014448326001171005
9.0,-2.0,-8.79138,32.0,140.66208,-5.294149221494101,0.9235135222690561,-1.2334791934760891,0.21516860725947087,5.295554350928475,0.9238247163206398,1.2338065733531816,0.21524111208918054,0.0,0.0,0.0,0.0,0.323240261617577,0.11225189175279504,0.29085772366153895,0.25311794993314857,0.02053217303494189
9.0,-1.0,-4.39569,32.0,140.66208,-3.867806221394826,0.652812284336937,-0.9011567862723504,0.15209816276163793,3.8735710872747213,0.6533341225431855,0.9024999373280784,0.1522197453885792,0.0,0.0,0.0,0.0,0.30407229463849395,0.20253106730691256,0.22546691523800727,0.24697250454927466,0.02095721826731317
9.0,-0.75,-3.2967675,32.0,140.66208,-2.41516999375868,0.37979789439049755,-0.5627083429976242,0.08848877900054669,2.4194203152974154,0.38085875995610047,0.5636986216928919,0.0887359491401668,0.0,0.0,0.0,0.0,0.2902856105990135,0.18574811184707665,0.23397091339382858,0.2711100788104015,0.018885285349680817
9.0,-0.5,-2.197845,32.0,140.66208,-1.2391520433404357,0.22297073907304832,-0.2887089500251087,0.05194975734419759,1.2446508939526004,0.22383895463692627,0.28999012241643474,0.05215204212853039,0.0,0.0,0.0,0.0,0.314705829880566,0.21620348226258357,0.18337967867210356,0.2661616293346639,0.01954937985008478
9.0,-0.25,-1.0989225,32.0,140.66208,0.46897047708460077,0.24799851339894632,0.10926502099522559,0.05778095657913299,-0.4692371251860488,0.24814224170134697,-0.10932714710300145,0.05781444371051287,0.0,0.0,0.0,0.0,0.34063106101640883,0.20321618082757975,0.1706681193754525,0.26670254900912505,0.018782089771435764
9.0,-0.1,-0.43956900000000004,32.0,140.66208,2.0743410711987877,0.038991149267088375,0.4832989106367709,0.009084513741208979,-2.108960667419503,0.038989240685664735,-0.49136490005985406,0.009084069062493547,0.0,0.0,0.0,0.0,0.3571420448858295,0.22232126478087544,0.13700970863683176,0.2631045778844131,0.020422403812051397
9.0,-0.05,-0.21978450000000002,32.0,140.66208,1.7087327085586057,0.3152132149503787,0.3981161382195148,0.07344125106474984,-1.7292892121755257,0.3188896575695896,-0.40290558000539084,0.07429782221283804,0.0,0.0,0.0,0.0,0.3395621575453427,0.1968839483921399,0.1480797286914068,0.29806662161904385,0.0174075437520684
9.0,0.05,0.21978450000000002,32.0,140.66208,-1.0137004279706612,0.26077074177477333,-0.23618117548389372,0.06075674688967913,-1.0271715124186618,0.26430332869645795,-0.23931979165903028,0.06157980122470862,0.0,0.0,0.0,0.0,0.33768684437443874,0.17421323556814672,0.17246548271269818,0.30043110931039585,0.015203328034322616
9.0,0.1,0.43956900000000004,32.0,140.66208,-1.2686302834943919,0.23035507479875034,-0.2955770593981072,0.05367022726187873,-1.2895453563557593,0.23263665569914174,-0.3004500439184136,0.05420181079893495,0.0,0.0,0.0,0.0,0.342953931154449,0.1666114639588227,0.18226524553150314,0.29294212591945973,0.015227233435766527
9.0,0.25,1.0989225,32.0,140.66208,-1.8585630945742824,0.5065751562122761,-0.43302498872008127,0.11802650227214387,-1.8637846883035816,0.5082862737291615,-0.43424156327293423,0.11842517404476816,0.0,0.0,0.0,0.0,0.343652670445335,0.16020739075951534,0.1824293198345702,0.29876748985707907,0.014943129103502217
9.0,0.5,2.197845,32.0,140.66208,-2.859339917235903,0.45165228762257414,-0.6661951047142503,0.10523007119000304,-2.872804210065417,0.45397991214015243,-0.6693321385161399,0.1057723823891285,0.0,0.0,0.0,0.0,0.33555141048746756,0.18332078989246398,0.17170614765709408,0.2939107980477511,0.015510853915225473
9.0,0.75,3.2967675,32.0,140.66208,-3.4131298212787264,0.5719718807126802,-0.7952221297592986,0.133263227875804,-3.4188761695599013,0.572583176542156,-0.796560966415908,0.1334056531560843,0.0,0.0,0.0,0.0,0.34360486640329646,0.15522386863938786,0.18068052280337327,0.30493493423463924,0.01555580791930496
9.0,1.0,4.39569,32.0,140.66208,-5.436687449902623,0.9792938630677841,-1.266689050558137,0.22816482004110053,-5.443495453148962,0.9806697130627062,-1.2682752412758795,0.22848537812722144,0.0,0.0,0.0,0.0,0.3584165575209701,0.1564736344499547,0.16597630776051991,0.3007573225434624,0.018376177725093937
9.0,2.0,8.79138,32.0,140.66208,-5.346061196853533,0.7063797440247129,-1.2455741191797571,0.1645787983100242,-5.34696118607764,0.7066779106140547,-1.2457838068813771,0.16464826788270825,0.0,0.0,0.0,0.0,0.3346650350090272,0.06932320202224308,0.22626720074380804,0.3545984364343405,0.015146125790581904
9.0,3.0,13.18707,32.0,140.66208,-2.715658841466527,0.06991095911036502,-0.6327189766258603,0.016288493174405883,-2.715894798242296,0.07013139197930629,-0.6327739519885284,0.01633985163560932,0.0,0.0,0.0,0.0,0.43494951387533487,0.01573863133495962,0.20598423389590817,0.3343204947694163,0.009007126124381816
9.0,4.0,17.58276,32.0,140.66208,-1.7225519049243114,0.09488898053845281,-0.4013358606856768,0.0221081005252261,-1.7225729821019682,0.09477355610789902,-0.4013407714388515,0.022081207888175206,0.0,0.0,0.0,0.0,0.48789097865588854,0.023015414726166604,0.18832253100822335,0.2940514783906265,0.006719597219095095
9.0,5.0,21.978450000000002,32.0,140.66208,-0.9241519086280543,0.07962001089731224,-0.21531734433851393,0.018550596652517036,-0.9239576109191292,0.07956279148075969,-0.2152720750853682,0.018537265150735054,0.0,0.0,0.0,0.0,0.4805510952656004,0.04430524880361322,0.20778338138805152,0.26241436857421263,0.004945905968522042
10.5,-5.0,-21.978450000000002,32.0,140.66208,-0.29005706297084893,0.015201165510588673,-0.06758014123265577,0.0035417062476765233,0.2900330974139725,0.015200562836282067,0.0675745575185347,0.0035415658311173104,0.0,0.0,0.0,0.0,0.40473768238704294,0.05589925312533797,0.23032351239493237,0.3067405452797717,0.0022990068129150527
10.5,-4.0,-17.58276,32.0,140.66208,-1.0730915208214045,0.1013396015252186,-0.25001865422585556,0.023611025063104973,1.0731257270725165,0.10134629328914639,0.2500266239103635,0.023612584171325623,0.0,0.0,0.0,0.0,0.4781786399395244,0.022112278775000334,0.227874511701733,0.2681182627304652,0.0037163068532768866
10.5,-3.0,-13.18707,32.0,140.66208,-0.9872673775325082,0.07296267819225216,-0.23002256219751488,0.016999510532314698,0.9873306762434323,0.07296170607808347,0.23003731010877165,0.01699928404028537,0.0,0.0,0.0,0.0,0.4135809047265138,0.022946060841058036,0.24684948917926153,0.3123464103683408,0.004277134884826251
10.5,-2.0,-8.79138,32.0,140.66208,-1.6563056270222745,0.20324555426798357,-0.38590119837853154,0.047354003800694044,1.6567091201553734,0.20329050635500173,0.38599520789045977,0.04736447714810464,0.0,0.0,0.0,0.0,0.35057487111251306,0.11252945834101648,0.26219508334541763,0.2678254672623697,0.006875119938683483
10.5,-1.0,-4.39569,32.0,140.66208,-1.0622268620361366,0.1308925147274344,-0.24748730688463666,0.0304965324442608,1.063460500680867,0.13107019278249638,0.24777473127274516,0.03053792949879913,0.0,0.0,0.0,0.0,0.31237084981341,0.2019507867250613,0.22463378115971577,0.2534118803754823,0.007632701926331345
10.5,-0.75,-3.2967675,32.0,140.66208,-0.6439647792794103,0.13820962012452906,-0.15003679030195616,0.03220133842652224,0.6451857479881973,0.1384529095298636,0.15032126273277838,0.032258022212135036,0.0,0.0,0.0,0.0,0.31207015311859565,0.18790677913309464,0.23697330106170855,0.25657807185144355,0.006471694835157846
10.5,-0.5,-2.197845,32.0,140.66208,-0.345199041528181,0.10484877582676033,-0.0804276225543814,0.024428624512258985,0.3468080858876489,0.10535288794525141,0.0808025123913973,0.02454607715352821,0.0,0.0,0.0,0.0,0.31135914406722376,0.1601200442654448,0.25080767706943513,0.27302823934928555,0.004684895248610795
10.5,-0.25,-1.0989225,32.0,140.66208,0.15282794920870824,0.13868450805499644,0.035607250125330114,0.03231198214980193,-0.153350163279156,0.13906720694875846,-0.03572892032454221,0.03240114683010699,0.0,0.0,0.0,0.0,0.3252440912677774,0.1760648932728337,0.2224115095167773,0.27092600962519575,0.005353496317416466
10.5,-0.1,-0.43956900000000004,32.0,140.66208,0.5478576346252848,0.10610275840522555,0.1276448707856028,0.02472078881568257,-0.5562832328582246,0.10767984375384038,-0.1296079435434929,0.025088232550731535,0.0,0.0,0.0,0.0,0.3347631606264756,0.18352741217652566,0.20925378611627873,0.26672545376910234,0.005730187311618527
10.5,-0.05,-0.21978450000000002,32.0,140.66208,0.46714750859246457,0.1239163393196844,0.10884028916177381,0.028871159441821944,-0.4746422969229921,0.12580440246471764,-0.11058649333518093,0.029311057621478898,0.0,0.0,0.0,0.0,0.331730952451953,0.17476002827922305,0.21304056226222992,0.2753146290356128,0.005153827970982024
10.5,0.05,0.21978450000000002,32.0,140.66208,-0.7180595489128215,0.08755179677268478,-0.1673000658282972,0.020398616501420806,-0.7288141734981497,0.08889631157920544,-0.16980577639757824,0.020711873829421797,0.0,0.0,0.0,0.0,0.33906060651699144,0.18088063107484617,0.19778294159326512,0.2767595029450131,0.005516317869885078
10.5,0.1,0.43956900000000004,32.0,140.66208,-0.5982027669909102,0.15301888787726692,-0.1393747391115041,0.03565173675860085,-0.6072260982947382,0.1554553517721885,-0.14147707717442182,0.03621940634899319,0.0,0.0,0.0,0.0,0.3294366532653825,0.16600300096567694,0.21752440707659765,0.2820553132426356,0.00498062544970802
10.5,0.25,1.0989225,32.0,140.66208,-0.8196813400635149,0.1363990696325267,-0.1909768380052585,0.03177949985205294,-0.8221986816645152,0.136798908185862,-0.19156335122160287,0.03187265788664069,0.0,0.0,0.0,0.0,0.33078448377634406,0.16457641696678002,0.2118957118583744,0.2876898953761612,0.005053492022341673
10.5,0.5,2.197845,32.0,140.66208,-1.3388722260395025,0.04895961708535916,-0.31194266811328525,0.011407058333407473,-1.3456393554263497,0.04917019993864683,-0.31351933566627893,0.011456121848084883,0.0,0.0,0.0,0.0,0.32728391637978543,0.16751567508044482,0.20410287979483463,0.29555459215256313,0.005542936592372278
10.5,0.75,3.2967675,32.0,140.66208,-1.3873353262497516,0.16613636633982923,-0.32323404341453116,0.038707966584679496,-1.3901490355187107,0.1664684386139482,-0.3238896070744411,0.03878533581318425,0.0,0.0,0.0,0.0,0.3283810281149953,0.15407951817394816,0.20037475224936893,0.31180014538797385,0.005364556073713937
10.5,1.0,4.39569,32.0,140.66208,-1.7957298926046303,0.11295772861023769,-0.41838553598716915,0.026317922324018913,-1.7979839698966904,0.11308427573288532,-0.4189107114825924,0.02634740642736575,0.0,0.0,0.0,0.0,0.3352524599384944,0.1505291499373359,0.18632977107181548,0.32201341371907055,0.005875205333284907
10.5,2.0,8.79138,32.0,140.66208,-1.9924626872204463,0.21246534569697445,-0.46422213761671843,0.04950211493622413,-1.9930743028565288,0.2125379473943219,-0.4643646374084601,0.049519030342145366,0.0,0.0,0.0,0.0,0.3591422019393321,0.07256700695623099,0.20657574280407792,0.3564122001835131,0.005302848116846327
10.5,3.0,13.18707,32.0,140.66208,-1.4807747978082209,0.025259157036346302,-0.34500442411117604,0.00588510889012784,-1.4809488037092948,0.025265864784147687,-0.34504496559377074,0.005886671722417211,0.0,0.0,0.0,0.0,0.40637699671167543,0.016374973465823325,0.20851993794701243,0.36481798433253787,0.003910107542951711
10.5,4.0,17.58276,32.0,140.66208,-0.5881144419329081,0.02147910003482047,-0.1370242690859242,0.005004396717791328,-0.588143833521843,0.02148384898494652,-0.1370311170065055,0.005005503171524735,0.0,0.0,0.0,0.0,0.43049256757714865,0.02449222360645794,0.20738924535951841,0.33543051767428567,0.002195445782590022
10.5,5.0,21.978450000000002,32.0,140.66208,-0.27539634779317007,0.007966850263552266,-0.06416435403502131,0.0018561894700160875,-0.2753878409692867,0.007966425541670286,-0.06416237203757022,0.0018560905144365375,0.0,0.0,0.0,0.0,0.4148013055959241,0.055292577770250886,0.21764178197660233,0.3105588341033668,0.0017055005538559836
12.0,-5.0,-21.978450000000002,32.0,140.66208,-0.2368798214209438,0.02839998013726496,-0.05519042226667833,0.006616886515443597,0.23689027754582215,0.02840170009382081,0.05519285843006214,0.006617287246616174,0.0,0.0,0.0,0.0,0.3433377038717318,0.07520253926899657,0.23639849450588538,0.34417786483558854,0.0008833975177978879
12.0,-4.0,-17.58276,32.0,140.66208,-0.4781934119774226,0.039323881872449964,-0.11141386452364237,0.009162036819712002,0.4782305884225778,0.03932775296765707,0.11142252623106084,0.009162938742796178,0.0,0.0,0.0,0.0,0.38150566624236754,0.041532663994011704,0.23954223137722164,0.33611886443009414,0.0013005739563055974
12.0,-3.0,-13.18707,32.0,140.66208,-0.7483899703072455,0.007114951743100689,-0.174366724162651,0.0016577063793499103,0.748497644079469,0.007114424778255229,0.1743918109806012,0.001657583602271786,0.0,0.0,0.0,0.0,0.3575154212481582,0.045985401510162595,0.26344819484049087,0.33102949497101397,0.002021487430174016
12.0,-2.0,-8.79138,32.0,140.66208,-0.598900464628513,0.03134988648921802,-0.1395372950734378,0.007304182614515426,0.5990893791591878,0.03136032861447505,0.13958131010459454,0.007306615516139717,0.0,0.0,0.0,0.0,0.3107100690625343,0.12385909613821572,0.24622461542829488,0.316943488365324,0.002262731005631166
12.0,-1.0,-4.39569,32.0,140.66208,-0.06592769328113375,0.004860889162421973,-0.015360435555158342,0.0011325343115184798,0.06600692241522291,0.004869033677364374,0.015378895081765437,0.001134431894926522,0.0,0.0,0.0,0.0,0.3135964595484976,0.14867617300845493,0.23650695203283098,0.299105670438382,0.002114744971834782
12.0,-0.75,-3.2967675,32.0,140.66208,0.013334859707158399,0.0034059515277803844,0.003106877291996796,0.0007935496654398342,-0.013363598472129746,0.003414144093653222,-0.0031135731116942156,0.0007954584441921028,0.0,0.0,0.0,0.0,0.30500161703379836,0.14732912835288925,0.24022229137395285,0.30550747143893864,0.0019394918004210114
12.0,-0.5,-2.197845,32.0,140.66208,0.13269386408221734,0.016446172073865107,0.030916227253822526,0.0038317792371774227,-0.1333820073151795,0.0165287382580735,-0.03107655714338137,0.0038510162601710866,0.0,0.0,0.0,0.0,0.2902445221767903,0.14767774184446156,0.24507778388028229,0.3151812668217518,0.001818685276713848
12.0,-0.25,-1.0989225,32.0,140.66208,0.18377711038026112,0.021152036488127794,0.04281806809881271,0.004928194468305799,-0.18434614501252705,0.02121844261092379,-0.0429506469797437,0.004943666372734886,0.0,0.0,0.0,0.0,0.2828207230209189,0.15174730202841802,0.2472732942052937,0.3165558809242238,0.0016027998211464818
12.0,-0.1,-0.43956900000000004,32.0,140.66208,0.25692431110808484,0.011899283687807712,0.05986057037518912,0.002772403691718759,-0.2609052534942349,0.012106952728663719,-0.06078808665746673,0.0028207883197879937,0.0,0.0,0.0,0.0,0.27728852542528315,0.15111800992476992,0.24799558029024724,0.32201225722334426,0.0015856271363549213
12.0,-0.05,-0.21978450000000002,32.0,140.66208,0.22091073081324908,0.02087147310444799,0.05146979782274419,0.004862826251101936,-0.22432727796671112,0.02119405260289454,-0.0522658161537379,0.004937983766111209,0.0,0.0,0.0,0.0,0.28361216191270294,0.1555064557701858,0.2451253899051004,0.31429154193436715,0.0014644504776441603
12.0,0.05,0.21978450000000002,32.0,140.66208,-0.2884922821806559,0.008179339536540356,-0.06721556432590409,0.0019056971597509267,-0.29298365039969004,0.008301410917164596,-0.06826200427624135,0.0019341384638810748,0.0,0.0,0.0,0.0,0.2797537089125381,0.15571720714736847,0.24423482886910955,0.31880022860191737,0.0014940264690667137
12.0,0.1,0.43956900000000004,32.0,140.66208,-0.33555226035260277,0.009460724799605027,-0.07818002745151152,0.002204245990675472,-0.34074401253060577,0.009618683737718355,-0.07938964924744639,0.0022410487054148535,0.0,0.0,0.0,0.0,0.2712738118952644,0.14815414444448652,0.2477437239540305,0.33127939086652614,0.0015489288396927045
12.0,0.25,1.0989225,32.0,140.66208,-0.32593212138988964,0.023480211862297914,-0.07593863969449881,0.005470634011026469,-0.32693954867841757,0.023553257242058773,-0.07617335929671443,0.00548765279012487,0.0,0.0,0.0,0.0,0.2712038307478639,0.14295480267131985,0.24640934036685475,0.33797759176751646,0.0014544344464452548
12.0,0.5,2.197845,32.0,140.66208,-0.4978875413388806,0.01869783188479768,-0.11600238248652088,0.004356391485788694,-0.5004143059899281,0.018788189126015802,-0.11659109117104835,0.004377443740336027,0.0,0.0,0.0,0.0,0.26505402262283007,0.13708408769038455,0.2434374150021509,0.35275856685687185,0.001665907827762317
12.0,0.75,3.2967675,32.0,140.66208,-0.5656188341997376,0.0381596636933977,-0.1317830371291803,0.008890786645142439,-0.5667825651487546,0.03824047765031736,-0.1320541737844504,0.008909615418233716,0.0,0.0,0.0,0.0,0.2705046005028478,0.13079522616199993,0.23560487069464292,0.3613756522697446,0.0017196503707637791
12.0,1.0,4.39569,32.0,140.66208,-0.6312184942668951,0.024718023152605642,-0.1470670445129214,0.0057590305801759655,-0.6320210203965771,0.02474669595236418,-0.1472540243734748,0.005765711030696187,0.0,0.0,0.0,0.0,0.27998523339648557,0.126804301706144,0.2275229933452544,0.363884368080173,0.0018031034719426403
12.0,2.0,8.79138,32.0,140.66208,-0.6696559787231811,0.025348043682035165,-0.15602256037444995,0.005905818511909931,-0.6698689669143525,0.02535446597938989,-0.15607218430669564,0.00590731483734957,0.0,0.0,0.0,0.0,0.3152744797136131,0.0736918133022629,0.2232242925976702,0.3861803786110534,0.0016290357754002393
12.0,3.0,13.18707,32.0,140.66208,-0.37920280461064504,0.020380487179958686,-0.08835012955358396,0.004748431870284642,-0.3792562980580687,0.020382624491213776,-0.08836259294507971,0.00474892984056331,0.0,0.0,0.0,0.0,0.3382844137858963,0.026163165677472067,0.23611580819181108,0.3983783136558651,0.0010582986889554839
12.0,4.0,17.58276,32.0,140.66208,-0.10699987530602761,0.005161315330771112,-0.02492980729720977,0.00120253034153779,-0.10700760043980119,0.005160181874260621,-0.024931607169366345,0.0012022662584974546,0.0,0.0,0.0,0.0,0.3495028851213705,0.04783970815878044,0.2270362833474014,0.374810086248194,0.0008110371242536073
12.0,5.0,21.978450000000002,32.0,140.66208,-0.0342523117059358,0.007855908704298512,-0.007980416125446074,0.0018303412932258079,-0.03425367424492781,0.0078566757254815,-0.007980733582213276,0.0018305200008199064,0.0,0.0,0.0,0.0,0.31227443635233754,0.07393895533925156,0.23191921857478692,0.3813105051773511,0.0005568845562732575
13.5,-5.0,-21.978450000000002,32.0,140.66208,-0.14729437786797203,0.011268273255122339,-0.03431798818184311,0.002625385123291613,0.14730173387213163,0.011269457258203525,0.034319702050814,0.0026256609831332143,0.0,0.0,0.0,0.0,0.29016347872461784,0.0873311860704806,0.24423630384471673,0.3779218848448971,0.0003471465152875216
13.5,-4.0,-17.58276,32.0,140.66208,-0.18795913855913815,0.008780973071224111,-0.04379243518393988,0.002045871230424449,0.18797361664084783,0.00878147872243624,0.043795808419525656,0.0020459890416577977,0.0,0.0,0.0,0.0,0.29089594321585904,0.06798982214334831,0.2485726964786381,0.39212059243946235,0.0004209457226919236
13.5,-3.0,-13.18707,32.0,140.66208,-0.2371233620134776,0.013046447706456488,-0.05524716457617684,0.00303968043238236,0.2371567096318494,0.013047231481259972,0.05525493420859418,0.003039863043387834,0.0,0.0,0.0,0.0,0.28429930290938527,0.07469995086052718,0.25486206769996383,0.3855176308356859,0.0006210476944382416
13.5,-2.0,-8.79138,32.0,140.66208,-0.0819418869642444,0.05642004631841954,-0.019091568525157723,0.013145257210768115,0.08196801151542689,0.05643807382051637,0.019097655261472536,0.013149457422703301,0.0,0.0,0.0,0.0,0.27382273323996525,0.09869457484120202,0.24721977076146223,0.3797221389899287,0.0005407821674425147
13.5,-1.0,-4.39569,32.0,140.66208,0.03364741487605205,0.024414401104881675,0.007839481742480064,0.0056882899450182685,-0.0336905426844111,0.02444523907290018,-0.00784953005280255,0.005695474856196343,0.0,0.0,0.0,0.0,0.2690840860906209,0.10201264994543865,0.24735208815034326,0.381045899339443,0.0005052764741541312
13.5,-0.75,-3.2967675,32.0,140.66208,0.05428313515743074,0.018863721660222692,0.01264738014967488,0.004395041999371956,-0.05439516185197854,0.01890263303006981,-0.012673481151187568,0.004404107925375932,0.0,0.0,0.0,0.0,0.2657837634063399,0.10238211280710086,0.24928177902297186,0.38207954008690204,0.00047280467668516055
13.5,-0.5,-2.197845,32.0,140.66208,0.08147265504442423,0.0031715839796762576,0.018982242590848363,0.0007389445755344043,-0.0818876390081951,0.0031876141959514327,-0.019078929341357662,0.0007426794415941051,0.0,0.0,0.0,0.0,0.25922139234521274,0.10338549934647417,0.25144964114488544,0.3854907532483543,0.0004527139150731311
13.5,-0.25,-1.0989225,32.0,140.66208,0.09516550895435605,0.006524722625344611,0.02217252863881926,0.0015201894137947902,-0.09545917085187608,0.006544953327647054,-0.022240948667298442,0.0015249029474175596,0.0,0.0,0.0,0.0,0.2536185982301393,0.10832556291070776,0.25329154538617804,0.38433550464111454,0.0004287888318607548
13.5,-0.1,-0.43956900000000004,32.0,140.66208,0.09220694834833634,0.008245098799020375,0.021483216192666976,0.0019210183527611502,-0.09363552702677874,0.008372874234228075,-0.021816059488611126,0.001950788639576294,0.0,0.0,0.0,0.0,0.2505275418319776,0.10733458900067616,0.25336495943594173,0.38836421464685456,0.00040869508455015154
13.5,-0.05,-0.21978450000000002,32.0,140.66208,0.09728806146429443,0.0028605548627686403,0.022667060290371494,0.0006664781738105564,-0.09879646521461037,0.002906231677328337,-0.023018501959945536,0.0006771203748567429,0.0,0.0,0.0,0.0,0.24981789292820694,0.11384261748331058,0.25432156369026704,0.38161985704704443,0.0003980688511722913
13.5,0.05,0.21978450000000002,32.0,140.66208,-0.0935368264785974,0.008181226009495146,-0.021793063334276812,0.0019061366874335505,-0.09498618853070023,0.008307738168912742,-0.022130748930259715,0.0019356126447280248,0.0,0.0,0.0,0.0,0.24886438946834533,0.11220775104033903,0.2536825634772175,0.3848636967012453,0.0003815993128523168
13.5,0.1,0.43956900000000004,32.0,140.66208,-0.09870853340628208,0.010766503222001154,-0.022998014804884375,0.002508478162442837,-0.10023761703368173,0.010933657376432942,-0.02335427466092034,0.002547423262584255,0.0,0.0,0.0,0.0,0.24838750234043155,0.10550186573391873,0.25281790453120256,0.3929000252211843,0.0003927021732627274
13.5,0.25,1.0989225,32.0,140.66208,-0.11229732215715778,0.004252974154290497,-0.026164054802528553,0.0009908967258441565,-0.11264336600644419,0.004266607392920978,-0.026244679256103118,0.0009940731221803458,0.0,0.0,0.0,0.0,0.24837067790610656,0.10455313288840305,0.2521297054852,0.39455144115747964,0.0003950425628103596
13.5,0.5,2.197845,32.0,140.66208,-0.11769360966429866,0.006396399066504834,-0.027421331105782192,0.0014902914201343472,-0.11829252064878165,0.0064295250388319404,-0.027560870851867317,0.0014980094114337348,0.0,0.0,0.0,0.0,0.2508051339020515,0.0986938624639947,0.250138829389752,0.399966064167777,0.00039611007642489086
13.5,0.75,3.2967675,32.0,140.66208,-0.12445944100955306,0.026577175571650402,-0.028997696229201283,0.006192192875088624,-0.12471638432393724,0.026631924624372937,-0.029057561227133138,0.0062049488089640035,0.0,0.0,0.0,0.0,0.25414447155530756,0.09676119005001917,0.24804568781273656,0.4006561686091098,0.0003924819728267978
13.5,1.0,4.39569,32.0,140.66208,-0.13863347105345386,0.03475881037829545,-0.032300091083482044,0.008098424807812336,-0.13881014340767134,0.034802988864922973,-0.032341253820660845,0.008108717914744998,0.0,0.0,0.0,0.0,0.25659008467543915,0.09552441701162596,0.246324953332496,0.4011574128599328,0.00040313212050547854
13.5,2.0,8.79138,32.0,140.66208,-0.15197043654777273,0.045918446459531505,-0.0354074590009863,0.01069849865104355,-0.15201888144923797,0.0459330995282838,-0.03541874613617787,0.010701912656707226,0.0,0.0,0.0,0.0,0.270265885454967,0.07961677935777642,0.24196893108619896,0.40778753597776346,0.00036086812329433506
13.5,3.0,13.18707,32.0,140.66208,-0.1268942408059618,0.01990402022413081,-0.029564978102737595,0.004637420251268222,-0.126912216590109,0.01990694875515677,-0.02956916626495297,0.0046381025671488,0.0,0.0,0.0,0.0,0.28308601132772676,0.055177578901314354,0.24674110993210632,0.41468438950053127,0.00031091033832131494
13.5,4.0,17.58276,32.0,140.66208,-0.018304408557529142,0.0017886794350257498,-0.004264728129107388,0.00041674285604669317,-0.01830584656783183,0.0017883287713089794,-0.00426506316986921,0.00041666115521423694,0.0,0.0,0.0,0.0,0.27532983510632797,0.07299651850982891,0.24431284766516145,0.40714051864969164,0.00022028006899015834
13.5,5.0,21.978450000000002,32.0,140.66208,0.007694727517715837,0.0075675972869249115,0.001792787829635787,0.001763167868433,0.0076951017702670725,0.007568270703191768,0.0017928750264101392,0.0017633247670996155,0.0,0.0,0.0,0.0,0.26755118398141364,0.08130813559655453,0.24299657222089122,0.40797885151218155,0.00016525668895902475
15.0,-5.0,-21.978450000000002,32.0,140.66208,-0.03971636364303318,0.004698879521612186,-0.009253480803925282,0.0010947878271031785,0.03971833591549396,0.0046989597186680625,0.009253940321959711,0.0010948065121450356,0.0,0.0,0.0,0.0,0.25923527240675204,0.08492876193729479,0.24882185792408376,0.4069283677992448,8.573993262474298e-5
15.0,-4.0,-17.58276,32.0,140.66208,-0.03542379089681426,0.002247193058151394,-0.008253358036805908,0.0005235715437902559,0.035426516843543934,0.002247556169624628,0.008253993152748603,0.0005236561448145958,0.0,0.0,0.0,0.0,0.25746107009997843,0.07987991569583996,0.250014935152942,0.4125600097168859,8.406933435381105e-5
15.0,-3.0,-13.18707,32.0,140.66208,-0.036607624235999184,0.013196524536045673,-0.008529178330366849,0.0030746467015554213,0.03661280035872544,0.013198326397214407,0.0085303843106705,0.0030750665156120674,0.0,0.0,0.0,0.0,0.25796490948249007,0.08266633709316165,0.2508534240290846,0.4083855375888842,0.00012979180637931036
15.0,-2.0,-8.79138,32.0,140.66208,-0.0040489431876760545,0.017223878381152666,-0.0009433597295082836,0.004012976349034349,0.0040502327850729025,0.01722936720841765,0.0009436601916770707,0.0040142551860947884,0.0,0.0,0.0,0.0,0.2541697527470458,0.0860242188079788,0.24896693169739004,0.4107337813960155,0.00010531535156954311
15.0,-1.0,-4.39569,32.0,140.66208,0.009465114877126566,0.005253382060423354,0.0022052688309948535,0.0012239808882991785,-0.009477183360566292,0.0052601080850001765,-0.0022080806563886815,0.0012255479788784612,0.0,0.0,0.0,0.0,0.2532637071641086,0.08695700817351193,0.24985968055848512,0.4098286027188057,9.100138508822561e-5
15.0,-0.75,-3.2967675,32.0,140.66208,0.015782450810146564,0.003101026773026432,0.0036771394008576165,0.0007225055137113998,-0.015815025682595466,0.003107486258162069,-0.0036847289918787245,0.0007240105034995659,0.0,0.0,0.0,0.0,0.2525875885965079,0.08715596969850693,0.2502285966048594,0.4099388659696295,8.897913049677058e-5
15.0,-0.5,-2.197845,32.0,140.66208,0.022487645504049643,0.0001812497729729703,0.0052393768439498575,4.22292259683094e-5,-0.022602091146346127,0.0001821837026136897,-0.005266041433981356,4.244682141789003e-5,0.0,0.0,0.0,0.0,0.2509551019545225,0.0873446152816789,0.2506548408693428,0.4109577775312457,8.766436320955911e-5
15.0,-0.25,-1.0989225,32.0,140.66208,0.023575644456385783,0.0010850928240193753,0.005492868767596783,0.0002528148273539559,-0.023648293947267023,0.0010884125563085925,-0.005509795308891618,0.0002535882888744652,0.0,0.0,0.0,0.0,0.24935303449660481,0.0882801336455509,0.25102304203777936,0.41126033224554515,8.345757451999409e-5
15.0,-0.1,-0.43956900000000004,32.0,140.66208,0.022431083352609796,0.001367521487107504,0.005226198477791224,0.000318617634374601,-0.022778839286273674,0.0013887879255295252,-0.005307221828406412,0.00032357248324935573,0.0,0.0,0.0,0.0,0.24871260657544114,0.08801087786331699,0.2509609625975313,0.4122358412883308,7.971167538005407e-5
15.0,-0.05,-0.21978450000000002,32.0,140.66208,0.02129186697433264,0.0015658603890278087,0.004960773450901731,0.00036482844153929724,-0.021621997991451467,0.0015901438601597473,-0.005037690387637082,0.0003704862262245144,0.0,0.0,0.0,0.0,0.2481662393901415,0.08945582801664032,0.25120933967576775,0.41109156161282234,7.703130462700629e-5
15.0,0.05,0.21978450000000002,32.0,140.66208,-0.020242530577327916,0.0007898145175634696,-0.00471628948218254,0.0001840181931715467,-0.02055633939554056,0.0008020096510260626,-0.004789403524080546,0.00018685952664335373,0.0,0.0,0.0,0.0,0.2480951080036271,0.08906627223490635,0.25102081153142175,0.41174412106014774,7.368716989787142e-5
15.0,0.1,0.43956900000000004,32.0,140.66208,-0.01998402165030478,0.0008406255742009307,-0.004656059713532219,0.0001958566167857484,-0.02029387016168212,0.0008536060670586671,-0.004728251047006879,0.00019888093045565365,0.0,0.0,0.0,0.0,0.24861882614392924,0.08743584013233485,0.2506786916330311,0.41319373340071536,7.290868998908843e-5
15.0,0.25,1.0989225,32.0,140.66208,-0.01852271939614614,0.003314493598586266,-0.004315592180322851,0.0007722409625643384,-0.018579808393978846,0.0033246717918317893,-0.0043288932959614414,0.0007746123709002729,0.0,0.0,0.0,0.0,0.2489940474879874,0.08705818419530287,0.2504575709219711,0.4134213660513314,6.88313434070565e-5
15.0,0.5,2.197845,32.0,140.66208,-0.01779069781165985,0.0034201743883720643,-0.004145039112046394,0.0007968634372807036,-0.017881244474664288,0.003437565690788554,-0.004166135499809931,0.0008009154216091953,0.0,0.0,0.0,0.0,0.24985154307198518,0.08592805519967264,0.2500720029905763,0.41408220415986496,6.619457790047476e-5
15.0,0.75,3.2967675,32.0,140.66208,-0.01954256825248816,0.0036825537658183613,-0.004553205872751651,0.0008579949787875523,-0.019582909038396757,0.0036901391792848594,-0.004562604837152712,0.0008597622976320706,0.0,0.0,0.0,0.0,0.25051835221036506,0.08576448720598354,0.24975350712637934,0.41389610565595997,6.75478013118544e-5
15.0,1.0,4.39569,32.0,140.66208,-0.022484558591760344,0.0021676245768745286,-0.005238657626957356,0.0005050329529789061,-0.022513224936331892,0.0021703462021564783,-0.005245336573489211,0.000505667062071278,0.0,0.0,0.0,0.0,0.25097670592581434,0.08565086861922397,0.2495110664737127,0.41379076291366323,7.05960675857328e-5
15.0,2.0,8.79138,32.0,140.66208,-0.028885933214348614,0.00828441560899121,-0.006730108297548788,0.0019301787419046944,-0.028895145520803543,0.008287058896779971,-0.0067322546647667625,0.0019307945992130926,0.0,0.0,0.0,0.0,0.254224223089668,0.08244529318085754,0.24831480939461203,0.4149485759921766,6.709834268555517e-5
15.0,3.0,13.18707,32.0,140.66208,-0.027550044365363756,0.009328568809781975,-0.0064188607238443,0.0021734550822745244,-0.027553946979522386,0.009329870195034106,-0.006419769990501404,0.002173758290885397,0.0,0.0,0.0,0.0,0.25722951653217585,0.07715451797057313,0.24929219699616417,0.4162571542583193,6.661424276708189e-5
15.0,4.0,17.58276,32.0,140.66208,-0.007231078298715207,0.00027499790430820815,-0.0016847626039041793,6.407152103619286e-5,-0.007231635855231202,0.00027510547630379994,-0.0016848925085088463,6.40965841412947e-5,0.0,0.0,0.0,0.0,0.25411353761419875,0.08134019725637316,0.24914298849612398,0.41536620928742496,3.7067345879879455e-5
15.0,5.0,21.978450000000002,32.0,140.66208,0.003399298654060052,0.003984191347620295,0.0007919996182145808,0.000928273254966954,0.00339946708287634,0.003984375106572324,0.0007920388602970725,0.0009283160688043544,0.0,0.0,0.0,0.0,0.2536704941693608,0.08304415983253993,0.24821304778698522,0.41503582698991703,3.647122119613627e-5
